<edmx:Edmx
    xmlns:edmx="http://schemas.microsoft.com/ado/2007/06/edmx"
    xmlns:m="http://schemas.microsoft.com/ado/2007/08/dataservices/metadata"
    xmlns:sap="http://www.sap.com/Protocols/SAPData" Version="1.0">
    <edmx:DataServices m:DataServiceVersion="2.0">
        <Schema
            xmlns="http://schemas.microsoft.com/ado/2008/09/edm" Namespace="ZHCP_SALESORDER_APP_SRV" xml:lang="en" sap:schema-version="1">
            <EntityType Name="Subscription" sap:semantics="subscriptions" sap:content-version="1">
                <Key>
                    <PropertyRef Name="ID"/>
                </Key>
                <Property Name="ID" Type="Edm.String" Nullable="false" MaxLength="32" sap:label="Sub. ID" sap:creatable="false" sap:updatable="false" sap:filterable="false"/>
                <Property Name="user" Type="Edm.String" MaxLength="12" m:FC_TargetPath="SyndicationAuthorName" m:FC_KeepInContent="false" sap:label="User Name" sap:creatable="false" sap:filterable="false"/>
                <Property Name="updated" Type="Edm.DateTime" Precision="0" m:FC_TargetPath="SyndicationUpdated" m:FC_KeepInContent="false" sap:label="Time Stamp" sap:creatable="false" sap:filterable="false"/>
                <Property Name="title" Type="Edm.String" MaxLength="255" m:FC_TargetPath="SyndicationTitle" m:FC_KeepInContent="false" sap:label="Title" sap:filterable="false"/>
                <Property Name="deliveryAddress" Type="Edm.String" sap:label="Delivery Address" sap:filterable="false"/>
                <Property Name="persistNotifications" Type="Edm.Boolean" sap:label="Persist Notification" sap:filterable="false"/>
                <Property Name="collection" Type="Edm.String" MaxLength="40" sap:label="Collection" sap:filterable="false"/>
                <Property Name="filter" Type="Edm.String" sap:label="Filter" sap:filterable="false"/>
                <Property Name="select" Type="Edm.String" MaxLength="255" sap:label="Select" sap:filterable="false"/>
                <Property Name="changeType" Type="Edm.String" MaxLength="30" sap:label="Change Type"/>
            </EntityType>
            <EntityType Name="Notification" sap:semantics="notifications" sap:content-version="1">
                <Key>
                    <PropertyRef Name="ID"/>
                </Key>
                <Property Name="ID" Type="Edm.String" Nullable="false" MaxLength="32" sap:label="Notification ID"/>
                <Property Name="collection" Type="Edm.String" MaxLength="40" sap:label="Collection"/>
                <Property Name="title" Type="Edm.String" m:FC_TargetPath="SyndicationTitle" m:FC_KeepInContent="false" sap:label="Notif. Text"/>
                <Property Name="updated" Type="Edm.DateTime" Precision="0" m:FC_TargetPath="SyndicationUpdated" m:FC_KeepInContent="false" sap:label="Time Stamp"/>
                <Property Name="changeType" Type="Edm.String" MaxLength="30" sap:label="Change Type"/>
                <Property Name="entriesOfInterest" Type="Edm.Int32" sap:label="No. of Entries"/>
                <Property Name="recipient" Type="Edm.String" MaxLength="112" sap:label="Recipient" sap:creatable="false" sap:updatable="false"/>
            </EntityType>
            <EntityType Name="Country" sap:content-version="1">
                <Key>
                    <PropertyRef Name="Countrykey"/>
                </Key>
                <Property Name="Countrykey" Type="Edm.String" Nullable="false" MaxLength="3" sap:label="Suppl. Cntry"/>
                <Property Name="Countryname" Type="Edm.String" Nullable="false" MaxLength="15" sap:label="Name"/>
            </EntityType>
            <EntityType Name="Customer" sap:content-version="1">
                <Key>
                    <PropertyRef Name="Customerid"/>
                </Key>
                <Property Name="Customerid" Type="Edm.String" Nullable="false" MaxLength="10" sap:label="Customer"/>
                <Property Name="Customername" Type="Edm.String" MaxLength="35" sap:label="Name"/>
                <Property Name="Salesorganization" Type="Edm.String" MaxLength="4" sap:label="Sales Org."/>
                <Property Name="Distributionchannel" Type="Edm.String" MaxLength="2" sap:label="Distr. Channel"/>
                <Property Name="Division" Type="Edm.String" MaxLength="2" sap:label="Division"/>
                <Property Name="Salesorgname" Type="Edm.String" MaxLength="20" sap:label="SalesOrganizationName" sap:creatable="false" sap:updatable="false" sap:sortable="false" sap:filterable="false"/>
                <Property Name="Distributionchannelname" Type="Edm.String" MaxLength="20" sap:label="DistributionChannelName" sap:creatable="false" sap:updatable="false" sap:sortable="false" sap:filterable="false"/>
                <Property Name="Divisionname" Type="Edm.String" MaxLength="20" sap:label="DviisionName" sap:creatable="false" sap:updatable="false" sap:sortable="false" sap:filterable="false"/>
                <Property Name="City" Type="Edm.String" MaxLength="40" sap:label="City" sap:creatable="false" sap:updatable="false" sap:sortable="false" sap:filterable="false"/>
                <Property Name="Postalcode" Type="Edm.String" MaxLength="10" sap:label="Postal Code" sap:creatable="false" sap:updatable="false" sap:sortable="false" sap:filterable="false"/>
                <Property Name="Cityzip" Type="Edm.String" MaxLength="51" sap:label="City/Zip" sap:creatable="false" sap:updatable="false" sap:sortable="false" sap:filterable="false"/>
            </EntityType>
            <EntityType Name="OrderHistory" sap:content-version="1">
                <Key>
                    <PropertyRef Name="Itemnumber"/>
                    <PropertyRef Name="Salesordernumber"/>
                </Key>
                <Property Name="Itemnumber" Type="Edm.String" Nullable="false" MaxLength="6" sap:label="Item" sap:creatable="false" sap:updatable="false" sap:sortable="false" sap:filterable="false"/>
                <Property Name="Salesordernumber" Type="Edm.String" Nullable="false" MaxLength="10" sap:label="Sales Document" sap:creatable="false" sap:updatable="false" sap:sortable="false" sap:filterable="false"/>
                <Property Name="Orderitemsimulate" Type="Edm.String" Nullable="false" MaxLength="1" sap:label="Checkbox" sap:creatable="false" sap:updatable="false" sap:sortable="false" sap:filterable="false"/>
                <Property Name="Name" Type="Edm.String" Nullable="false" MaxLength="40" sap:label="Description" sap:creatable="false" sap:updatable="false" sap:sortable="false" sap:filterable="false"/>
                <Property Name="Quantity" Type="Edm.Decimal" Nullable="false" Precision="15" Scale="3" sap:label="Quantity" sap:creatable="false" sap:updatable="false" sap:sortable="false" sap:filterable="false"/>
                <Property Name="Unitofmeasure" Type="Edm.String" Nullable="false" sap:label="Unit Of Measure" sap:creatable="false" sap:updatable="false" sap:sortable="false" sap:filterable="false"/>
                <Property Name="Priceperunit" Type="Edm.Decimal" Nullable="false" Precision="16" Scale="3" sap:unit="Currency" sap:label="Price Per Unit in Document Currency" sap:creatable="false" sap:updatable="false" sap:sortable="false" sap:filterable="false"/>
                <Property Name="Amount" Type="Edm.Decimal" Nullable="false" Precision="16" Scale="3" sap:unit="Currency" sap:label="Net value" sap:creatable="false" sap:updatable="false" sap:sortable="false" sap:filterable="false"/>
                <Property Name="Status" Type="Edm.String" Nullable="false" sap:label="Status" sap:creatable="false" sap:updatable="false" sap:sortable="false" sap:filterable="false"/>
                <Property Name="Percentageofshippeditems" Type="Edm.String" Nullable="false" sap:label="Percentage of Shipped Items" sap:creatable="false" sap:updatable="false" sap:sortable="false" sap:filterable="false"/>
                <Property Name="Numberoflatescheduleditems" Type="Edm.String" Nullable="false" sap:label="Number of Late Scheduled Items" sap:creatable="false" sap:updatable="false" sap:sortable="false" sap:filterable="false"/>
                <Property Name="Materialnumber" Type="Edm.String" Nullable="false" MaxLength="18" sap:label="Material" sap:creatable="false" sap:updatable="false" sap:sortable="false" sap:filterable="false"/>
                <Property Name="Description" Type="Edm.String" Nullable="false" MaxLength="40" sap:label="Description" sap:creatable="false" sap:updatable="false" sap:sortable="false" sap:filterable="false"/>
                <Property Name="Customermaterialnumber" Type="Edm.String" Nullable="false" MaxLength="22" sap:label="Cust.material" sap:creatable="false" sap:updatable="false" sap:sortable="false" sap:filterable="false"/>
                <Property Name="Shiptoaddressline1" Type="Edm.String" Nullable="false" MaxLength="35" sap:label="Name 2" sap:creatable="false" sap:updatable="false" sap:sortable="false" sap:filterable="false"/>
                <Property Name="Shiptoaddressline2" Type="Edm.String" Nullable="false" MaxLength="35" sap:label="Street" sap:creatable="false" sap:updatable="false" sap:sortable="false" sap:filterable="false"/>
                <Property Name="Shiptoaddressline3" Type="Edm.String" Nullable="false" MaxLength="35" sap:label="Name 3" sap:creatable="false" sap:updatable="false" sap:sortable="false" sap:filterable="false"/>
                <Property Name="Method" Type="Edm.String" Nullable="false" sap:label="Shipping Method" sap:creatable="false" sap:updatable="false" sap:sortable="false" sap:filterable="false"/>
                <Property Name="Referncematerialnumber" Type="Edm.String" Nullable="false" MaxLength="18" sap:label="Pr. Ref. Matl" sap:creatable="false" sap:updatable="false" sap:sortable="false" sap:filterable="false"/>
                <Property Name="Shiptocity" Type="Edm.String" Nullable="false" MaxLength="35" sap:label="City" sap:creatable="false" sap:updatable="false" sap:sortable="false" sap:filterable="false"/>
                <Property Name="Shiptocountry" Type="Edm.String" Nullable="false" MaxLength="3" sap:label="Country" sap:creatable="false" sap:updatable="false" sap:sortable="false" sap:filterable="false"/>
                <Property Name="Shiptoregion" Type="Edm.String" Nullable="false" MaxLength="3" sap:label="Region" sap:creatable="false" sap:updatable="false" sap:sortable="false" sap:filterable="false"/>
                <Property Name="Shiptopartyname" Type="Edm.String" Nullable="false" MaxLength="35" sap:label="Name" sap:creatable="false" sap:updatable="false" sap:sortable="false" sap:filterable="false"/>
                <Property Name="Shiptopostalcode" Type="Edm.String" Nullable="false" MaxLength="10" sap:label="Postal Code" sap:creatable="false" sap:updatable="false" sap:sortable="false" sap:filterable="false"/>
                <Property Name="Shiptotelephone" Type="Edm.String" Nullable="false" MaxLength="16" sap:label="Telephone 1" sap:creatable="false" sap:updatable="false" sap:sortable="false" sap:filterable="false"/>
                <Property Name="Shippingcarrier" Type="Edm.String" Nullable="false" sap:label="Shipping Carrier" sap:creatable="false" sap:updatable="false" sap:sortable="false" sap:filterable="false"/>
                <Property Name="Shippingincoterms" Type="Edm.String" Nullable="false" sap:label="Shipping Inco Terms" sap:creatable="false" sap:updatable="false" sap:sortable="false" sap:filterable="false"/>
                <Property Name="Currperunit" Type="Edm.String" Nullable="false" MaxLength="3" sap:label="ISO code crcy" sap:creatable="false" sap:updatable="false" sap:sortable="false" sap:filterable="false"/>
                <Property Name="Curramount" Type="Edm.String" Nullable="false" MaxLength="3" sap:label="ISO code crcy" sap:creatable="false" sap:updatable="false" sap:sortable="false" sap:filterable="false"/>
                <Property Name="Currency" Type="Edm.String" Nullable="false" MaxLength="5" sap:label="Doc. Currency" sap:creatable="false" sap:updatable="false" sap:sortable="false" sap:filterable="false" sap:semantics="currency-code"/>
                <Property Name="Taxchangesign" Type="Edm.String" Nullable="false" sap:label="Tax Change Amount Sign" sap:creatable="false" sap:updatable="false" sap:sortable="false" sap:filterable="false"/>
                <Property Name="Freightchangesign" Type="Edm.String" Nullable="false" sap:label="Freight Change Amount Sign" sap:creatable="false" sap:updatable="false" sap:sortable="false" sap:filterable="false"/>
                <Property Name="Totalchangesign" Type="Edm.String" Nullable="false" sap:label="Total Change Amount Sign" sap:creatable="false" sap:updatable="false" sap:sortable="false" sap:filterable="false"/>
                <Property Name="Totalchange" Type="Edm.String" Nullable="false" sap:label="Total Change Amount" sap:creatable="false" sap:updatable="false" sap:sortable="false" sap:filterable="false"/>
                <Property Name="Freightamountchange" Type="Edm.String" Nullable="false" sap:label="Freight Change Amount" sap:creatable="false" sap:updatable="false" sap:sortable="false" sap:filterable="false"/>
                <Property Name="Taxamountchange" Type="Edm.String" Nullable="false" sap:label="Tax Change Amount" sap:creatable="false" sap:updatable="false" sap:sortable="false" sap:filterable="false"/>
                <Property Name="Statuscode" Type="Edm.String" Nullable="false" MaxLength="1" sap:label="Delivery status" sap:creatable="false" sap:updatable="false" sap:sortable="false" sap:filterable="false"/>
                <Property Name="Editenabled" Type="Edm.String" Nullable="false" MaxLength="1" sap:label="Checkbox" sap:creatable="false" sap:updatable="false" sap:sortable="false" sap:filterable="false"/>
                <Property Name="Uomdesc" Type="Edm.String" Nullable="false" MaxLength="10" sap:label="Meas. unit text" sap:creatable="false" sap:updatable="false" sap:sortable="false" sap:filterable="false"/>
                <Property Name="Itemstatuscode" Type="Edm.String" Nullable="false" MaxLength="2" sap:label="Status Code for Fiori Track Sales Order" sap:creatable="false" sap:updatable="false" sap:sortable="false" sap:filterable="false"/>
                <Property Name="Shippeditemsqty" Type="Edm.Decimal" Nullable="false" Precision="13" Scale="3" sap:label="Shipped Items Quantity" sap:creatable="false" sap:updatable="false" sap:sortable="false" sap:filterable="false"/>
                <Property Name="Itemclassification" Type="Edm.String" Nullable="false" MaxLength="4" sap:label="Item Classification" sap:creatable="false" sap:updatable="false" sap:sortable="false" sap:filterable="false"/>
                <Property Name="DummySoItemIncl" Type="Edm.String" Nullable="false" MaxLength="1" sap:label="Dummy function in length 1" sap:creatable="false" sap:updatable="false" sap:sortable="false" sap:filterable="false"/>
            </EntityType>
            <EntityType Name="OrderItem" sap:content-version="1">
                <Key>
                    <PropertyRef Name="ItemNumber"/>
                    <PropertyRef Name="SalesOrderNumber"/>
                </Key>
                <Property Name="ItemNumber" Type="Edm.String" Nullable="false" MaxLength="6" sap:label="Item"/>
                <Property Name="SalesOrderNumber" Type="Edm.String" Nullable="false" MaxLength="10" sap:label="Sales Document"/>
                <Property Name="Orderitemsimulate" Type="Edm.String" MaxLength="1" sap:label="Checkbox"/>
                <Property Name="Name" Type="Edm.String" MaxLength="40" sap:label="Description"/>
                <Property Name="Quantity" Type="Edm.Decimal" Precision="15" Scale="3" sap:unit="Unitofmeasure" sap:label="Order quantity"/>
                <Property Name="Unitofmeasure" Type="Edm.String" MaxLength="3" sap:label="Sales unit" sap:semantics="unit-of-measure"/>
                <Property Name="Priceperunit" Type="Edm.String" sap:label="Price per Unit"/>
                <Property Name="Amount" Type="Edm.Decimal" Precision="16" Scale="3" sap:unit="Currency" sap:label="Net value"/>
                <Property Name="Status" Type="Edm.String" Nullable="false" sap:label="Status" sap:creatable="false" sap:updatable="false" sap:sortable="false" sap:filterable="false"/>
                <Property Name="Percentageofshippeditems" Type="Edm.String" Nullable="false" sap:label="Percentage of Shipped Items" sap:creatable="false" sap:updatable="false" sap:sortable="false" sap:filterable="false"/>
                <Property Name="Numberoflatescheduleditems" Type="Edm.String" Nullable="false" sap:label="Number of Late Scheduled Items" sap:creatable="false" sap:updatable="false" sap:sortable="false" sap:filterable="false"/>
                <Property Name="Materialnumber" Type="Edm.String" Nullable="false" MaxLength="18" sap:label="Material" sap:creatable="false" sap:updatable="false" sap:sortable="false" sap:filterable="false"/>
                <Property Name="Description" Type="Edm.String" Nullable="false" MaxLength="40" sap:label="Description" sap:creatable="false" sap:updatable="false" sap:sortable="false" sap:filterable="false"/>
                <Property Name="Customermaterialnumber" Type="Edm.String" Nullable="false" MaxLength="22" sap:label="Cust.material" sap:creatable="false" sap:updatable="false" sap:sortable="false" sap:filterable="false"/>
                <Property Name="Shiptoaddressline1" Type="Edm.String" Nullable="false" MaxLength="35" sap:label="Name 2" sap:creatable="false" sap:updatable="false" sap:sortable="false" sap:filterable="false"/>
                <Property Name="Shiptoaddressline2" Type="Edm.String" Nullable="false" MaxLength="35" sap:label="Street" sap:creatable="false" sap:updatable="false" sap:sortable="false" sap:filterable="false"/>
                <Property Name="Shiptoaddressline3" Type="Edm.String" Nullable="false" MaxLength="35" sap:label="Name 3" sap:creatable="false" sap:updatable="false" sap:sortable="false" sap:filterable="false"/>
                <Property Name="Method" Type="Edm.String" Nullable="false" sap:label="Shipping Method" sap:creatable="false" sap:updatable="false" sap:sortable="false" sap:filterable="false"/>
                <Property Name="Referncematerialnumber" Type="Edm.String" Nullable="false" MaxLength="18" sap:label="Pr. Ref. Matl" sap:creatable="false" sap:updatable="false" sap:sortable="false" sap:filterable="false"/>
                <Property Name="Shiptocity" Type="Edm.String" Nullable="false" MaxLength="35" sap:label="City" sap:creatable="false" sap:updatable="false" sap:sortable="false" sap:filterable="false"/>
                <Property Name="Shiptocountry" Type="Edm.String" Nullable="false" MaxLength="3" sap:label="Country" sap:creatable="false" sap:updatable="false" sap:sortable="false" sap:filterable="false"/>
                <Property Name="Shiptoregion" Type="Edm.String" Nullable="false" MaxLength="3" sap:label="Region" sap:creatable="false" sap:updatable="false" sap:sortable="false" sap:filterable="false"/>
                <Property Name="Shiptopartyname" Type="Edm.String" Nullable="false" MaxLength="35" sap:label="Name" sap:creatable="false" sap:updatable="false" sap:sortable="false" sap:filterable="false"/>
                <Property Name="Shiptopostalcode" Type="Edm.String" Nullable="false" MaxLength="10" sap:label="Postal Code" sap:creatable="false" sap:updatable="false" sap:sortable="false" sap:filterable="false"/>
                <Property Name="Shiptotelephone" Type="Edm.String" Nullable="false" MaxLength="16" sap:label="Telephone 1" sap:creatable="false" sap:updatable="false" sap:sortable="false" sap:filterable="false"/>
                <Property Name="Shippingcarrier" Type="Edm.String" Nullable="false" sap:label="Shipping Carrier" sap:creatable="false" sap:updatable="false" sap:sortable="false" sap:filterable="false"/>
                <Property Name="Shippingincoterms" Type="Edm.String" Nullable="false" sap:label="Shipping Inco Terms" sap:creatable="false" sap:updatable="false" sap:sortable="false" sap:filterable="false"/>
                <Property Name="Currperunit" Type="Edm.String" Nullable="false" MaxLength="3" sap:label="ISO code crcy" sap:creatable="false" sap:updatable="false" sap:sortable="false" sap:filterable="false"/>
                <Property Name="Curramount" Type="Edm.String" Nullable="false" MaxLength="3" sap:label="ISO code crcy" sap:creatable="false" sap:updatable="false" sap:sortable="false" sap:filterable="false"/>
                <Property Name="Currency" Type="Edm.String" Nullable="false" MaxLength="5" sap:label="Doc. Currency" sap:creatable="false" sap:updatable="false" sap:sortable="false" sap:filterable="false" sap:semantics="currency-code"/>
                <Property Name="Taxchangesign" Type="Edm.String" Nullable="false" sap:label="Tax Change Amount Sign" sap:creatable="false" sap:updatable="false" sap:sortable="false" sap:filterable="false"/>
                <Property Name="Freightchangesign" Type="Edm.String" Nullable="false" sap:label="Freight Change Amount Sign" sap:creatable="false" sap:updatable="false" sap:sortable="false" sap:filterable="false"/>
                <Property Name="Totalchangesign" Type="Edm.String" Nullable="false" sap:label="Total Change Amount Sign" sap:creatable="false" sap:updatable="false" sap:sortable="false" sap:filterable="false"/>
                <Property Name="Totalchange" Type="Edm.String" Nullable="false" sap:label="Total Change Amount" sap:creatable="false" sap:updatable="false" sap:sortable="false" sap:filterable="false"/>
                <Property Name="Freightamountchange" Type="Edm.String" Nullable="false" sap:label="Freight Change Amount" sap:creatable="false" sap:updatable="false" sap:sortable="false" sap:filterable="false"/>
                <Property Name="Taxamountchange" Type="Edm.String" Nullable="false" sap:label="Tax Change Amount" sap:creatable="false" sap:updatable="false" sap:sortable="false" sap:filterable="false"/>
                <Property Name="Statuscode" Type="Edm.String" Nullable="false" MaxLength="1" sap:label="Delivery status" sap:creatable="false" sap:updatable="false" sap:sortable="false" sap:filterable="false"/>
                <Property Name="Editenabled" Type="Edm.String" Nullable="false" MaxLength="1" sap:label="Checkbox" sap:creatable="false" sap:updatable="false" sap:sortable="false" sap:filterable="false"/>
                <Property Name="Uomdesc" Type="Edm.String" Nullable="false" MaxLength="10" sap:label="Meas. unit text" sap:creatable="false" sap:updatable="false" sap:sortable="false" sap:filterable="false"/>
                <Property Name="DummySoItemIncl" Type="Edm.String" Nullable="false" MaxLength="1" sap:label="Dummy function in length 1" sap:creatable="false" sap:updatable="false" sap:sortable="false" sap:filterable="false"/>
                <Property Name="Plant" Type="Edm.String" Nullable="false" MaxLength="30" sap:label="Name 1" sap:creatable="false" sap:updatable="false" sap:sortable="false" sap:filterable="false"/>
                <Property Name="Shippingpoint" Type="Edm.String" Nullable="false" MaxLength="30" sap:label="Description" sap:creatable="false" sap:updatable="false" sap:sortable="false" sap:filterable="false"/>
                <Property Name="Deliverystatus" Type="Edm.String" Nullable="false" MaxLength="20" sap:label="Delivery status" sap:creatable="false" sap:updatable="false" sap:sortable="false" sap:filterable="false"/>
                <Property Name="Overallstatus" Type="Edm.String" Nullable="false" MaxLength="20" sap:label="Overall status" sap:creatable="false" sap:updatable="false" sap:sortable="false" sap:filterable="false"/>
                <Property Name="Profitcenter" Type="Edm.String" Nullable="false" MaxLength="10" sap:label="Profit Center" sap:creatable="false" sap:updatable="false" sap:sortable="false" sap:filterable="false"/>
                <Property Name="Route" Type="Edm.String" Nullable="false" MaxLength="6" sap:label="Route" sap:creatable="false" sap:updatable="false" sap:sortable="false" sap:filterable="false"/>
                <Property Name="Netweight" Type="Edm.Decimal" Nullable="false" Precision="13" Scale="3" sap:unit="Uom1" sap:label="Net Weight" sap:creatable="false" sap:updatable="false" sap:sortable="false" sap:filterable="false"/>
                <Property Name="Uom1" Type="Edm.String" Nullable="false" MaxLength="3" sap:label="Weight unit" sap:creatable="false" sap:updatable="false" sap:sortable="false" sap:filterable="false" sap:semantics="unit-of-measure"/>
                <Property Name="Grossweight" Type="Edm.Decimal" Nullable="false" Precision="15" Scale="3" sap:unit="Uom2" sap:label="Gross weight" sap:creatable="false" sap:updatable="false" sap:sortable="false" sap:filterable="false"/>
                <Property Name="Uom2" Type="Edm.String" Nullable="false" MaxLength="3" sap:label="Weight unit" sap:creatable="false" sap:updatable="false" sap:sortable="false" sap:filterable="false" sap:semantics="unit-of-measure"/>
                <Property Name="Pricingdate" Type="Edm.DateTime" Precision="8" sap:label="Pricing date" sap:creatable="false" sap:updatable="false" sap:sortable="false" sap:filterable="false"/>
                <Property Name="Division" Type="Edm.String" Nullable="false" MaxLength="2" sap:label="Division" sap:creatable="false" sap:updatable="false" sap:sortable="false" sap:filterable="false"/>
                <Property Name="Recordcount" Type="Edm.String" Nullable="false" MaxLength="5" sap:label="R/2 table" sap:creatable="false" sap:updatable="false" sap:sortable="false" sap:filterable="false"/>
                <Property Name="Itemcategory" Type="Edm.String" Nullable="false" MaxLength="4" sap:label="Item category" sap:creatable="false" sap:updatable="false" sap:sortable="false" sap:filterable="false"/>
                <Property Name="Netprice" Type="Edm.Decimal" Nullable="false" Precision="12" Scale="3" sap:unit="UomNetprice" sap:label="Net price" sap:creatable="false" sap:updatable="false" sap:sortable="false" sap:filterable="false"/>
                <Property Name="UomNetprice" Type="Edm.String" Nullable="false" MaxLength="5" sap:label="Doc. Currency" sap:creatable="false" sap:updatable="false" sap:sortable="false" sap:filterable="false" sap:semantics="currency-code"/>
                <Property Name="Matkl" Type="Edm.String" Nullable="false" MaxLength="9" sap:label="Material Group" sap:creatable="false" sap:updatable="false" sap:sortable="false" sap:filterable="false"/>
            </EntityType>
            <EntityType Name="SalesOrder" sap:content-version="1">
                <Key>
                    <PropertyRef Name="Salesordernumber"/>
                </Key>
                <Property Name="Salesordernumber" Type="Edm.String" Nullable="false" MaxLength="10" sap:label="Sales Document"/>
                <Property Name="Shiptopostalcode" Type="Edm.String" MaxLength="10" sap:label="Postal Code"/>
                <Property Name="Shiptoregion" Type="Edm.String" MaxLength="3" sap:label="Region"/>
                <Property Name="Shiptocountry" Type="Edm.String" MaxLength="50" sap:label="Long name"/>
                <Property Name="Totalamount" Type="Edm.Decimal" Precision="15" Scale="2" sap:label="Total Amount"/>
                <Property Name="Currency" Type="Edm.String" MaxLength="5" sap:label="Doc. Currency" sap:semantics="currency-code"/>
                <Property Name="Status" Type="Edm.String" MaxLength="1" sap:label="Status"/>
                <Property Name="Shiptopartyname" Type="Edm.String" MaxLength="35" sap:label="Name"/>
                <Property Name="Documentdate" Type="Edm.DateTime" Precision="8" sap:label="Created on"/>
                <Property Name="Requesteddeliverydate" Type="Edm.DateTime" Precision="8" sap:label="Request.dlv.dt"/>
                <Property Name="Shiptocontact" Type="Edm.String" sap:label="Contact"/>
                <Property Name="Shiptoaddressline1" Type="Edm.String" MaxLength="35" sap:label="Street"/>
                <Property Name="Shiptoaddressline2" Type="Edm.String" MaxLength="35" sap:label="City"/>
                <Property Name="Shiptoaddressline3" Type="Edm.String" MaxLength="35" sap:label="Street"/>
                <Property Name="Totalschedulescount" Type="Edm.String" Nullable="false" sap:label="Total Schedules Count" sap:creatable="false" sap:updatable="false" sap:sortable="false" sap:filterable="false"/>
                <Property Name="Openschedulescount" Type="Edm.String" Nullable="false" sap:label="Open Schedules Count" sap:creatable="false" sap:updatable="false" sap:sortable="false" sap:filterable="false"/>
                <Property Name="Inprocessschedulescount" Type="Edm.String" sap:label="In Process Schedules Count"/>
                <Property Name="Shippedschedulescount" Type="Edm.String" sap:label="Shipped Schedules Count"/>
                <Property Name="Recordcount" Type="Edm.String" Nullable="false" MaxLength="5" sap:label="R/2 table" sap:creatable="false" sap:updatable="false" sap:sortable="false" sap:filterable="false"/>
                <Property Name="Paymentterms" Type="Edm.String" Nullable="false" MaxLength="30" sap:label="Description" sap:creatable="false" sap:updatable="false" sap:sortable="false" sap:filterable="false"/>
                <Property Name="Netpriceamount" Type="Edm.Decimal" Nullable="false" Precision="16" Scale="3" sap:unit="Currency" sap:label="Net value" sap:creatable="false" sap:updatable="false" sap:sortable="false" sap:filterable="false"/>
                <Property Name="Taxamount" Type="Edm.Decimal" Precision="28" Scale="9" sap:label="Currency amount"/>
                <Property Name="Customerid" Type="Edm.String" MaxLength="10" sap:label="Customer"/>
                <Property Name="Salesorganization" Type="Edm.String" MaxLength="4" sap:label="Sales Org."/>
                <Property Name="Customername" Type="Edm.String" MaxLength="35" sap:label="Last name"/>
                <Property Name="Distributionchannel" Type="Edm.String" MaxLength="2" sap:label="Distr. Channel"/>
                <Property Name="Division" Type="Edm.String" MaxLength="2" sap:label="Division"/>
                <Property Name="Shiptocity" Type="Edm.String" MaxLength="35" sap:label="City"/>
                <Property Name="Overallstatus" Type="Edm.String" Nullable="false" MaxLength="30" sap:label="30 Characters" sap:creatable="false" sap:updatable="false" sap:sortable="false" sap:filterable="false"/>
                <Property Name="Rejectionstatus" Type="Edm.String" Nullable="false" MaxLength="30" sap:label="30 Characters" sap:creatable="false" sap:updatable="false" sap:sortable="false" sap:filterable="false"/>
                <Property Name="Deliverystatus" Type="Edm.String" Nullable="false" MaxLength="30" sap:label="30 Characters" sap:creatable="false" sap:updatable="false" sap:sortable="false" sap:filterable="false"/>
                <Property Name="Creditstatus" Type="Edm.String" Nullable="false" MaxLength="30" sap:label="30 Characters" sap:creatable="false" sap:updatable="false" sap:sortable="false" sap:filterable="false"/>
                <Property Name="Overallblockedstatus" Type="Edm.String" Nullable="false" MaxLength="30" sap:label="30 Characters" sap:creatable="false" sap:updatable="false" sap:sortable="false" sap:filterable="false"/>
                <Property Name="Payername" Type="Edm.String" Nullable="false" MaxLength="35" sap:label="Name" sap:creatable="false" sap:updatable="false" sap:sortable="false" sap:filterable="false"/>
                <Property Name="Payerstreet" Type="Edm.String" Nullable="false" MaxLength="35" sap:label="Street" sap:creatable="false" sap:updatable="false" sap:sortable="false" sap:filterable="false"/>
                <Property Name="Payercity" Type="Edm.String" Nullable="false" MaxLength="35" sap:label="City" sap:creatable="false" sap:updatable="false" sap:sortable="false" sap:filterable="false"/>
                <Property Name="Payercountrytext" Type="Edm.String" Nullable="false" MaxLength="50" sap:label="Long name" sap:creatable="false" sap:updatable="false" sap:sortable="false" sap:filterable="false"/>
                <Property Name="Payertelephone" Type="Edm.String" Nullable="false" MaxLength="16" sap:label="Telephone 1" sap:creatable="false" sap:updatable="false" sap:sortable="false" sap:filterable="false"/>
                <Property Name="Payerpostalcode" Type="Edm.String" Nullable="false" MaxLength="10" sap:label="Postal Code" sap:creatable="false" sap:updatable="false" sap:sortable="false" sap:filterable="false"/>
                <Property Name="Incoterms1" Type="Edm.String" Nullable="false" MaxLength="3" sap:label="Incoterms" sap:creatable="false" sap:updatable="false" sap:sortable="false" sap:filterable="false"/>
                <Property Name="Incoterms2" Type="Edm.String" Nullable="false" MaxLength="28" sap:label="Incoterms 2" sap:creatable="false" sap:updatable="false" sap:sortable="false" sap:filterable="false"/>
                <Property Name="Billingblock" Type="Edm.String" Nullable="false" MaxLength="20" sap:label="Bill.block des." sap:creatable="false" sap:updatable="false" sap:sortable="false" sap:filterable="false"/>
                <Property Name="Billingdate" Type="Edm.DateTime" Precision="8" sap:label="Billing Date" sap:creatable="false" sap:updatable="false" sap:sortable="false" sap:filterable="false"/>
                <Property Name="Deliveryblock" Type="Edm.String" Nullable="false" MaxLength="20" sap:label="Deliv.BlockDesc" sap:creatable="false" sap:updatable="false" sap:sortable="false" sap:filterable="false"/>
                <Property Name="Totalweight" Type="Edm.Decimal" Nullable="false" Precision="15" Scale="3" sap:unit="Uom" sap:label="Gross weight" sap:creatable="false" sap:updatable="false" sap:sortable="false" sap:filterable="false"/>
                <Property Name="Uom" Type="Edm.String" Nullable="false" MaxLength="3" sap:label="Weight unit" sap:creatable="false" sap:updatable="false" sap:sortable="false" sap:filterable="false" sap:semantics="unit-of-measure"/>
                <Property Name="Shippingcondition" Type="Edm.String" Nullable="false" MaxLength="20" sap:label="Description" sap:creatable="false" sap:updatable="false" sap:sortable="false" sap:filterable="false"/>
                <Property Name="Shippinginstructions" Type="Edm.String" Nullable="false" MaxLength="100" sap:label="Character 100" sap:creatable="false" sap:updatable="false" sap:sortable="false" sap:filterable="false"/>
                <Property Name="DummySoHeaderIncl" Type="Edm.String" Nullable="false" MaxLength="1" sap:label="Dummy function in length 1" sap:creatable="false" sap:updatable="false" sap:sortable="false" sap:filterable="false"/>
                <Property Name="Ordertype" Type="Edm.String" Nullable="false" MaxLength="20" sap:label="Description" sap:creatable="false" sap:updatable="false" sap:sortable="false" sap:filterable="false"/>
                <Property Name="Ponumber" Type="Edm.String" Nullable="false" MaxLength="35" sap:label="PO number" sap:creatable="false" sap:updatable="false" sap:sortable="false" sap:filterable="false"/>
                <Property Name="Podate" Type="Edm.DateTime" Precision="8" sap:label="PO date" sap:creatable="false" sap:updatable="false" sap:sortable="false" sap:filterable="false"/>
                <Property Name="Soldtopartyname" Type="Edm.String" Nullable="false" MaxLength="35" sap:label="Name" sap:creatable="false" sap:updatable="false" sap:sortable="false" sap:filterable="false"/>
                <Property Name="Soldtopartystreet" Type="Edm.String" Nullable="false" MaxLength="35" sap:label="Street" sap:creatable="false" sap:updatable="false" sap:sortable="false" sap:filterable="false"/>
                <Property Name="Soldtopartycity" Type="Edm.String" Nullable="false" MaxLength="35" sap:label="City" sap:creatable="false" sap:updatable="false" sap:sortable="false" sap:filterable="false"/>
                <Property Name="Soldtopartycountry" Type="Edm.String" Nullable="false" MaxLength="50" sap:label="Long name" sap:creatable="false" sap:updatable="false" sap:sortable="false" sap:filterable="false"/>
                <Property Name="Soldtopartytelephone" Type="Edm.String" Nullable="false" MaxLength="16" sap:label="Telephone 1" sap:creatable="false" sap:updatable="false" sap:sortable="false" sap:filterable="false"/>
                <Property Name="Soldtopartypostalcode" Type="Edm.String" Nullable="false" MaxLength="10" sap:label="Postal Code" sap:creatable="false" sap:updatable="false" sap:sortable="false" sap:filterable="false"/>
                <Property Name="Orderstatus" Type="Edm.String" Nullable="false" MaxLength="30" sap:label="30 Characters" sap:creatable="false" sap:updatable="false" sap:sortable="false" sap:filterable="false"/>
                <Property Name="Invoicestatus" Type="Edm.String" Nullable="false" MaxLength="30" sap:label="30 Characters" sap:creatable="false" sap:updatable="false" sap:sortable="false" sap:filterable="false"/>
                <Property Name="Createdby" Type="Edm.String" Nullable="false" MaxLength="12" sap:label="Created by" sap:creatable="false" sap:updatable="false" sap:sortable="false" sap:filterable="false"/>
            </EntityType>
            <EntityType Name="ScheduledItem" sap:content-version="1">
                <Key>
                    <PropertyRef Name="Itemnumber"/>
                    <PropertyRef Name="Salesordernumber"/>
                    <PropertyRef Name="Scheduleid"/>
                </Key>
                <Property Name="Itemnumber" Type="Edm.String" Nullable="false" sap:label="Item Number" sap:creatable="false" sap:updatable="false" sap:sortable="false" sap:filterable="false"/>
                <Property Name="Salesordernumber" Type="Edm.String" Nullable="false" sap:label="Sales Order Number" sap:creatable="false" sap:updatable="false" sap:sortable="false" sap:filterable="false"/>
                <Property Name="Statuscode" Type="Edm.String" Nullable="false" sap:label="Status Code" sap:creatable="false" sap:updatable="false" sap:sortable="false" sap:filterable="false"/>
                <Property Name="Shippeddate" Type="Edm.String" Nullable="false" sap:label="Shipped Date" sap:creatable="false" sap:updatable="false" sap:sortable="false" sap:filterable="false"/>
                <Property Name="Carriertrackingnumber" Type="Edm.String" Nullable="false" sap:label="Carrier Tracking No." sap:creatable="false" sap:updatable="false" sap:sortable="false" sap:filterable="false"/>
                <Property Name="Carriername" Type="Edm.String" Nullable="false" sap:label="Carrier Name" sap:creatable="false" sap:updatable="false" sap:sortable="false" sap:filterable="false"/>
                <Property Name="Islate" Type="Edm.String" Nullable="false" sap:label="Is Late Flag" sap:creatable="false" sap:updatable="false" sap:sortable="false" sap:filterable="false"/>
                <Property Name="Status" Type="Edm.String" Nullable="false" sap:label="Status" sap:creatable="false" sap:updatable="false" sap:sortable="false" sap:filterable="false"/>
                <Property Name="Requesteddate" Type="Edm.String" Nullable="false" sap:label="Requested Date" sap:creatable="false" sap:updatable="false" sap:sortable="false" sap:filterable="false"/>
                <Property Name="Promiseddate" Type="Edm.String" Nullable="false" sap:label="Promised Date" sap:creatable="false" sap:updatable="false" sap:sortable="false" sap:filterable="false"/>
                <Property Name="Unitofmeasure" Type="Edm.String" Nullable="false" sap:label="Unit of Measure" sap:creatable="false" sap:updatable="false" sap:sortable="false" sap:filterable="false"/>
                <Property Name="Quantity" Type="Edm.String" Nullable="false" sap:label="Quantity Text" sap:creatable="false" sap:updatable="false" sap:sortable="false" sap:filterable="false"/>
                <Property Name="Productname" Type="Edm.String" Nullable="false" sap:label="Product Name" sap:creatable="false" sap:updatable="false" sap:sortable="false" sap:filterable="false"/>
                <Property Name="Scheduleid" Type="Edm.String" Nullable="false" sap:label="Schedule Id" sap:creatable="false" sap:updatable="false" sap:sortable="false" sap:filterable="false"/>
                <Property Name="Orderitemnumber" Type="Edm.String" Nullable="false" sap:label="Order Item Number" sap:creatable="false" sap:updatable="false" sap:sortable="false" sap:filterable="false"/>
                <Property Name="Uomdesc" Type="Edm.String" Nullable="false" MaxLength="10" sap:label="Meas. unit text" sap:creatable="false" sap:updatable="false" sap:sortable="false" sap:filterable="false"/>
                <Property Name="DummySoScheditemIncl" Type="Edm.String" Nullable="false" MaxLength="1" sap:label="Dummy function in length 1" sap:creatable="false" sap:updatable="false" sap:sortable="false" sap:filterable="false"/>
            </EntityType>
            <EntityType Name="UserValidation" sap:content-version="1">
                <Key>
                    <PropertyRef Name="Username"/>
                    <PropertyRef Name="Password"/>
                </Key>
                <Property Name="Username" Type="Edm.String" Nullable="false" MaxLength="12" sap:creatable="false" sap:updatable="false" sap:sortable="false"/>
                <Property Name="Password" Type="Edm.String" Nullable="false" MaxLength="40" sap:creatable="false" sap:updatable="false" sap:sortable="false" sap:filterable="false"/>
                <Property Name="Type" Type="Edm.String" MaxLength="1" sap:creatable="false" sap:updatable="false" sap:sortable="false" sap:filterable="false"/>
                <Property Name="Message" Type="Edm.String" MaxLength="220" sap:creatable="false" sap:updatable="false" sap:sortable="false" sap:filterable="false"/>
            </EntityType>
            <EntityContainer Name="ZHCP_SALESORDER_APP_SRV_Entities" m:IsDefaultEntityContainer="true" sap:supported-formats="atom json xlsx">
                <EntitySet Name="SubscriptionCollection" EntityType="ZHCP_SALESORDER_APP_SRV.Subscription" sap:content-version="1"/>
                <EntitySet Name="NotificationCollection" EntityType="ZHCP_SALESORDER_APP_SRV.Notification" sap:creatable="false" sap:updatable="false" sap:deletable="false" sap:addressable="false" sap:content-version="1"/>
                <EntitySet Name="Countries" EntityType="ZHCP_SALESORDER_APP_SRV.Country" sap:searchable="true" sap:requires-filter="true" sap:content-version="1"/>
                <EntitySet Name="Customers" EntityType="ZHCP_SALESORDER_APP_SRV.Customer" sap:searchable="true" sap:requires-filter="true" sap:content-version="1"/>
                <EntitySet Name="OrderHistorySet" EntityType="ZHCP_SALESORDER_APP_SRV.OrderHistory" sap:searchable="true" sap:requires-filter="true" sap:content-version="1"/>
                <EntitySet Name="OrderItems" EntityType="ZHCP_SALESORDER_APP_SRV.OrderItem" sap:searchable="true" sap:requires-filter="true" sap:content-version="1"/>
                <EntitySet Name="SalesOrders" EntityType="ZHCP_SALESORDER_APP_SRV.SalesOrder" sap:searchable="true" sap:requires-filter="true" sap:content-version="1"/>
                <EntitySet Name="ScheduledItems" EntityType="ZHCP_SALESORDER_APP_SRV.ScheduledItem" sap:searchable="true" sap:requires-filter="true" sap:content-version="1"/>
                <EntitySet Name="UserValidationSet" EntityType="ZHCP_SALESORDER_APP_SRV.UserValidation" sap:searchable="true" sap:requires-filter="true" sap:content-version="1"/>
            </EntityContainer>
            <atom:link
                xmlns:atom="http://www.w3.org/2005/Atom" rel="self" href="./sap/ZHCP_SALESORDER_APP_SRV/$metadata"/>
                <atom:link
                    xmlns:atom="http://www.w3.org/2005/Atom" rel="latest-version" href="./sap/ZHCP_SALESORDER_APP_SRV/$metadata"/>
                </Schema>
            </edmx:DataServices>
        </edmx:Edmx>